time,cluster,in_out
1368613603.0,0,in
1368624926.0,0,out
1368625560.0,61,in
1368625560.0,61,out
1368625561.0,61,in
1368626126.0,61,out
1368627348.0,0,in
1368624926.0,0,out
1368625560.0,61,in
1368626126.0,61,out
1368627348.0,0,in
1369228022.0,0,out
1369228882.0,61,in
1369228944.0,61,out
1369228944.0,0,in
1369228022.0,0,out
1369228882.0,61,in
1369228944.0,61,out
1369228944.0,0,in
1369695196.0,0,out
1369696816.0,56,in
1369695196.0,56,out
1369696816.0,56,in
1369910529.0,56,out
1369910529.0,0,in
1370041222.0,0,out
1370612395.0,61,in
1370612516.0,61,out
1370612395.0,61,in
1370612516.0,61,out
1371355092.0,1,in
1371355475.0,1,out
1371355475.0,0,in
1371355092.0,0,out
1371355092.0,1,in
1371355475.0,1,out
1371355475.0,0,in
1373289145.0,0,out
1373292425.0,4,in
1373292453.0,4,out
1373292453.0,1,in
1373292526.0,1,out
1373292526.0,4,in
1373289145.0,4,out
1373292425.0,4,in
1373292453.0,4,out
1373292453.0,1,in
1373292526.0,1,out
1373292526.0,4,in
1373415492.0,4,out
1373416503.0,61,in
1373417195.0,61,out
1373416503.0,61,in
1373417195.0,61,out
1373808459.0,31,in
1373808532.0,31,out
1373808671.0,7,in
1373808803.0,7,out
1373808803.0,1,in
1373805411.0,1,out
1373808459.0,31,in
1373808532.0,31,out
1373808671.0,7,in
1373808803.0,7,out
1373808803.0,1,in
1374020393.0,1,out
1374020876.0,61,in
1374020953.0,61,out
1374020876.0,61,in
1374020953.0,61,out
1374289187.0,61,in
1374292163.0,61,out
1374293088.0,4,in
1374293121.0,4,out
1374293121.0,1,in
1374289187.0,1,out
1374289187.0,61,in
1374292163.0,61,out
1374293088.0,4,in
1374293121.0,4,out
1374293121.0,1,in
1374538294.0,1,out
1374661121.0,61,in
1374661155.0,61,out
1374662184.0,4,in
1374662233.0,4,out
1374662233.0,1,in
1374660929.0,1,out
1374661121.0,61,in
1374661155.0,61,out
1374662184.0,4,in
1374662233.0,4,out
1374662233.0,1,in
1374712377.0,1,out
1374712671.0,61,in
1374712790.0,61,out
1374712671.0,61,in
1374712790.0,61,out
1374834190.0,61,in
1374834809.0,61,out
1374835657.0,4,in
1374835689.0,4,out
1374835689.0,1,in
1374809264.0,1,out
1374834190.0,61,in
1374834809.0,61,out
1374835657.0,4,in
1374835689.0,4,out
1374835689.0,1,in
1375103205.0,1,out
1375103205.0,7,in
1375103353.0,7,out
1375103415.0,49,in
1375103418.0,49,out
1375103501.0,18,in
1375103537.0,18,out
1375103728.0,18,in
1375103738.0,18,out
1375103842.0,49,in
1375103847.0,49,out
1375103875.0,7,in
1375103907.0,7,out
1375105494.0,7,in
1375105513.0,7,out
1375105513.0,1,in
1375103205.0,1,out
1375103205.0,7,in
1375103353.0,7,out
1375103415.0,49,in
1375103418.0,49,out
1375103501.0,18,in
1375103537.0,18,out
1375103728.0,18,in
1375103738.0,18,out
1375103842.0,49,in
1375103847.0,49,out
1375103875.0,7,in
1375103907.0,7,out
1375105494.0,7,in
1375105513.0,7,out
1375105513.0,1,in
1375144270.0,1,out
1375144487.0,61,in
1375144573.0,61,out
1375180737.0,1,in
1375144270.0,1,out
1375144487.0,61,in
1375144573.0,61,out
1375180737.0,1,in
1375230338.0,1,out
1375230873.0,61,in
1375231006.0,61,out
1375265770.0,61,in
1375265797.0,61,out
1375266651.0,4,in
1375266712.0,4,out
1375266712.0,1,in
1375230338.0,1,out
1375230873.0,61,in
1375231006.0,61,out
1375265770.0,61,in
1375265797.0,61,out
1375266651.0,4,in
1375266712.0,4,out
1375266712.0,1,in
1375401773.0,1,out
1375402104.0,45,in
1375403576.0,45,out
1375439515.0,61,in
1375439564.0,61,out
1375440444.0,4,in
1375440507.0,4,out
1375440507.0,1,in
1375401773.0,1,out
1375402104.0,45,in
1375403576.0,45,out
1375439515.0,61,in
1375439564.0,61,out
1375440444.0,4,in
1375440507.0,4,out
1375440507.0,1,in
1375683370.0,1,out
1375683370.0,0,in
1375687465.0,0,out
1375687730.0,45,in
1375687939.0,45,out
1375689109.0,61,in
1375689126.0,61,out
1375689935.0,4,in
1375689972.0,4,out
1375689972.0,1,in
1375683370.0,1,out
1375683370.0,0,in
1375687465.0,0,out
1375687730.0,45,in
1375687939.0,45,out
1375689109.0,61,in
1375689126.0,61,out
1375689935.0,4,in
1375689972.0,4,out
1375689972.0,1,in
1375748028.0,1,out
1375784192.0,61,in
1375784247.0,61,out
1375785005.0,4,in
1375785059.0,4,out
1375785059.0,1,in
1375748028.0,1,out
1375784192.0,61,in
1375784247.0,61,out
1375785005.0,4,in
1375785059.0,4,out
1375785059.0,1,in
1375835012.0,1,out
1375835012.0,4,in
1375835037.0,4,out
1375835893.0,61,in
1375836018.0,61,out
1375870767.0,61,in
1375870813.0,61,out
1375871667.0,4,in
1375871728.0,4,out
1375871728.0,1,in
1375835012.0,1,out
1375835012.0,4,in
1375835037.0,4,out
1375835893.0,61,in
1375836018.0,61,out
1375870767.0,61,in
1375870813.0,61,out
1375871667.0,4,in
1375871728.0,4,out
1375871728.0,1,in
1375948161.0,1,out
1375951873.0,42,in
1375951888.0,42,out
1375953034.0,61,in
1375953153.0,61,out
1375954031.0,4,in
1375954167.0,4,out
1375954167.0,1,in
1375948161.0,1,out
1375951873.0,42,in
1375951888.0,42,out
1375953034.0,61,in
1375953153.0,61,out
1375954031.0,4,in
1375954167.0,4,out
1375954167.0,1,in
1376007655.0,1,out
1376007655.0,4,in
1376007675.0,4,out
1376008537.0,61,in
1376009211.0,61,out
1376028675.0,0,in
1376029637.0,0,out
1376030482.0,42,in
1376030490.0,42,out
1376031751.0,61,in
1376031810.0,61,out
1376032602.0,4,in
1376032646.0,4,out
1376032646.0,1,in
1376007655.0,1,out
1376007655.0,4,in
1376007675.0,4,out
1376008537.0,61,in
1376009211.0,61,out
1376028675.0,0,in
1376029637.0,0,out
1376030482.0,42,in
1376030490.0,42,out
1376031751.0,61,in
1376031810.0,61,out
1376032602.0,4,in
1376032646.0,4,out
1376032646.0,1,in
1376196403.0,1,out
1376196403.0,7,in
1376196452.0,7,out
1376196990.0,11,in
1376197113.0,11,out
1376199320.0,11,in
1376200393.0,11,out
1376200709.0,58,in
1376200749.0,58,out
1376200842.0,4,in
1376200972.0,4,out
1376200972.0,1,in
1376196403.0,1,out
1376196403.0,7,in
1376196452.0,7,out
1376196990.0,11,in
1376197113.0,11,out
1376199320.0,11,in
1376200393.0,11,out
1376200709.0,58,in
1376200749.0,58,out
1376200842.0,4,in
1376200972.0,4,out
1376200972.0,1,in
1376286439.0,1,out
1376288953.0,0,in
1376312046.0,0,out
1376312046.0,1,in
1376315460.0,1,out
1376316905.0,1,in
1376286439.0,1,out
1376288953.0,0,in
1376312046.0,0,out
1376312046.0,1,in
1376315460.0,1,out
1376316905.0,1,in
1376391807.0,1,out
1376393251.0,1,in
1376391807.0,1,out
1376393251.0,1,in
1376440854.0,1,out
1376441661.0,61,in
1376441788.0,61,out
1376479477.0,1,in
1376479824.0,1,out
1376479824.0,4,in
1376479850.0,4,out
1376482049.0,7,in
1376482210.0,7,out
1376482210.0,1,in
1376440854.0,1,out
1376441661.0,61,in
1376441788.0,61,out
1376479477.0,1,in
1376479824.0,1,out
1376479824.0,4,in
1376479850.0,4,out
1376482049.0,7,in
1376482210.0,7,out
1376482210.0,1,in
1376620398.0,1,out
1376648047.0,61,in
1376648075.0,61,out
1376648807.0,4,in
1376648859.0,4,out
1376648859.0,1,in
1376620398.0,1,out
1376648047.0,61,in
1376648075.0,61,out
1376648807.0,4,in
1376648859.0,4,out
1376648859.0,1,in
1377044166.0,1,out
1377044166.0,4,in
1377044192.0,4,out
1377045188.0,61,in
1377045333.0,61,out
1377080920.0,61,in
1377080967.0,61,out
1377081892.0,4,in
1377082088.0,4,out
1377082182.0,58,in
1377082231.0,58,out
1377082778.0,11,in
1377043683.0,11,out
1377043683.0,1,in
1377044166.0,1,out
1377044166.0,4,in
1377044192.0,4,out
1377045188.0,61,in
1377045333.0,61,out
1377080920.0,61,in
1377080967.0,61,out
1377081892.0,4,in
1377082088.0,4,out
1377082182.0,58,in
1377082231.0,58,out
1377082778.0,11,in
1377130223.0,11,out
1377131455.0,61,in
1377131570.0,61,out
1377169203.0,7,in
1377169242.0,7,out
1377169704.0,11,in
1377169845.0,11,out
1377169858.0,44,in
1377169865.0,44,out
1377171711.0,37,in
1377171890.0,37,out
1377174053.0,7,in
1377174077.0,7,out
1377174077.0,1,in
1377174395.0,1,out
1377174395.0,7,in
1377174440.0,7,out
1377174440.0,1,in
1377174466.0,1,out
1377174466.0,7,in
1377130223.0,7,out
1377131455.0,61,in
1377131570.0,61,out
1377169203.0,7,in
1377169242.0,7,out
1377169704.0,11,in
1377169845.0,11,out
1377169858.0,44,in
1377169865.0,44,out
1377171711.0,37,in
1377171890.0,37,out
1377174053.0,7,in
1377174077.0,7,out
1377174077.0,1,in
1377174395.0,1,out
1377174395.0,7,in
1377174440.0,7,out
1377174440.0,1,in
1377174466.0,1,out
1377174466.0,7,in
1377474949.0,7,out
1377474949.0,1,in
1377475300.0,1,out
1377475300.0,4,in
1377475324.0,4,out
1377476250.0,61,in
1377476384.0,61,out
1377474949.0,1,in
1377475300.0,1,out
1377475300.0,4,in
1377475324.0,4,out
1377476250.0,61,in
1377476384.0,61,out
1377735102.0,1,in
1377735398.0,1,out
1377735398.0,4,in
1377735425.0,4,out
1377736434.0,61,in
1377736554.0,61,out
1379535184.0,7,in
1379535219.0,7,out
1379535293.0,31,in
1379535341.0,31,out
1379535354.0,31,in
1379535358.0,31,out
1379540661.0,32,in
1379540729.0,32,out
1379545003.0,25,in
1379545047.0,25,out
1379546335.0,75,in
1379546357.0,75,out
1379546449.0,75,in
1379546455.0,75,out
1379546519.0,75,in
1379546532.0,75,out
1379571823.0,2,in
1379571823.0,2,out
1379571825.0,2,in
1379642025.0,2,out
1379691820.0,61,in
1379691852.0,61,out
1379692481.0,4,in
1379692527.0,4,out
1379692527.0,1,in
1379818770.0,1,out
1379818770.0,4,in
1379818796.0,4,out
1379819505.0,61,in
1379819614.0,61,out
1379819614.0,0,in
1379912359.0,0,out
1379912359.0,1,in
1379912636.0,1,out
1379912636.0,4,in
1379912793.0,4,out
1379913339.0,11,in
1379998143.0,11,out
1379999089.0,61,in
1379999156.0,61,out
1380000484.0,0,in
1380631075.0,0,out
1380632716.0,1,in
1380633043.0,1,out
1380633043.0,7,in
1380633361.0,7,out
1380633378.0,49,in
1380633385.0,49,out
1380633464.0,18,in
1380633485.0,18,out
1380633490.0,21,in
1380633553.0,21,out
1380634825.0,7,in
1380634842.0,7,out
1380634842.0,1,in
1380643996.0,1,out
1380643996.0,7,in
1380645722.0,7,out
1380645722.0,1,in
1380714155.0,1,out
1380714155.0,0,in
1380714178.0,0,out
1380714178.0,61,in
1380714223.0,61,out
1380715112.0,4,in
1380715159.0,4,out
1380715159.0,1,in
1380782979.0,1,out
1380782979.0,0,in
1380785116.0,0,out
1380786224.0,0,in
1380791824.0,0,out
1380809135.0,61,in
1380809967.0,61,out
1380810626.0,4,in
1380810664.0,4,out
1380810664.0,1,in
1380811373.0,1,out
1380811373.0,7,in
1380811424.0,7,out
1380811424.0,1,in
1380811450.0,1,out
1380811450.0,7,in
1380811469.0,7,out
1380811469.0,1,in
1380875328.0,1,out
1380875956.0,0,in
1380958795.0,0,out
1380958795.0,1,in
1380959108.0,1,out
1380959108.0,0,in
1381041970.0,0,out
1381042305.0,61,in
1381042365.0,61,out
1381042974.0,4,in
1381043013.0,4,out
1381043013.0,1,in
1381043271.0,1,out
1381043271.0,7,in
1381199910.0,7,out
1381199910.0,1,in
1381200292.0,1,out
1381200292.0,4,in
1381200315.0,4,out
1381202077.0,40,in
1381202127.0,40,out
1381204007.0,0,in
1381305292.0,0,out
1381306737.0,0,in
1381309013.0,0,out
1381372579.0,1,in
1381372835.0,1,out
1381372835.0,4,in
1381372865.0,4,out
1381374671.0,40,in
1381374720.0,40,out
1381392386.0,1,in
1381392790.0,1,out
1381392790.0,4,in
1381392813.0,4,out
1381394335.0,40,in
1381394389.0,40,out
1381458768.0,1,in
1381459172.0,1,out
1381459172.0,4,in
1381459195.0,4,out
1381460717.0,40,in
1381460770.0,40,out
1381480677.0,4,in
1381480924.0,4,out
1381480924.0,1,in
1381545120.0,1,out
1381545120.0,19,in
1381545240.0,19,out
1381546040.0,10,in
1381546129.0,10,out
1381547447.0,60,in
1381547529.0,60,out
1381547581.0,60,in
1381547624.0,60,out
1381549290.0,7,in
1381549292.0,7,out
1381549298.0,7,in
1381549427.0,7,out
1381549427.0,1,in
1381576620.0,1,out
1381576620.0,7,in
1381576652.0,7,out
1381576652.0,1,in
1381576659.0,1,out
1381576659.0,7,in
1381576871.0,7,out
1381576871.0,1,in
1381576879.0,1,out
1381576879.0,7,in
1381576981.0,7,out
1381576981.0,1,in
1381576982.0,1,out
1381576982.0,7,in
1381577046.0,7,out
1381577046.0,1,in
1381577096.0,1,out
1381577096.0,7,in
1381595026.0,7,out
1381595026.0,1,in
1381595030.0,1,out
1381595030.0,7,in
1381595046.0,7,out
1381595046.0,1,in
1381595051.0,1,out
1381595051.0,7,in
1381595084.0,7,out
1381595084.0,1,in
1381983241.0,1,out
1381985186.0,40,in
1381985245.0,40,out
1381987021.0,0,in
1382099941.0,0,out
1382099941.0,7,in
1382100416.0,7,out
1382100416.0,1,in
1382100451.0,1,out
1382100451.0,7,in
1382100475.0,7,out
1382100475.0,1,in
1382100511.0,1,out
1382100511.0,7,in
1382100535.0,7,out
1382100535.0,1,in
1382100542.0,1,out
1382100542.0,7,in
1382100552.0,7,out
1382100552.0,1,in
1382100552.0,1,out
1382100552.0,7,in
1382100571.0,7,out
1382100571.0,1,in
1382100597.0,1,out
1382100597.0,7,in
1382105894.0,7,out
1382105894.0,1,in
1382155920.0,1,out
1382155920.0,0,in
1382275294.0,0,out
1382275294.0,7,in
1382275666.0,7,out
1382276256.0,58,in
1382276362.0,58,out
1382276545.0,4,in
1382276746.0,4,out
1382276746.0,1,in
1382326058.0,1,out
1382328449.0,40,in
1382328562.0,40,out
1382330421.0,4,in
1382330609.0,4,out
1382330738.0,58,in
1382330778.0,58,out
1382331313.0,11,in
1382362788.0,11,out
1382363134.0,58,in
1382363167.0,58,out
1382363275.0,4,in
1382363441.0,4,out
1382363441.0,1,in
1382364038.0,1,out
1382364038.0,7,in
1382364925.0,7,out
1382364925.0,1,in
1382428898.0,1,out
1382428898.0,40,in
1382428983.0,40,out
1382430680.0,4,in
1382430715.0,4,out
1382430715.0,1,in
1382431659.0,1,out
1382431659.0,4,in
1382443156.0,4,out
1382443156.0,1,in
1382444169.0,1,out
1382444169.0,7,in
1382818647.0,7,out
1382820209.0,60,in
1382820306.0,60,out
1382821385.0,8,in
1382821385.0,8,out
1382821386.0,8,in
1382842606.0,8,out
1382842696.0,8,in
1382842769.0,8,out
1382843303.0,8,in
1382843329.0,8,out
1382843424.0,8,in
1382843614.0,8,out
1382843614.0,8,in
1382843616.0,8,out
1382844519.0,60,in
1382844583.0,60,out
1382844583.0,60,in
1382844584.0,60,out
1382846137.0,7,in
1382846160.0,7,out
1382847425.0,31,in
1382847425.0,31,out
1382847427.0,31,in
1382847550.0,31,out
1382848147.0,31,in
1382848257.0,31,out
1382848339.0,7,in
1382850087.0,7,out
1382850087.0,1,in
1382868093.0,1,out
1382868093.0,7,in
1382868157.0,7,out
1382869007.0,18,in
1382869077.0,18,out
1382869094.0,21,in
1382869208.0,21,out
1382870463.0,7,in
1382870953.0,7,out
1382870953.0,1,in
1382871008.0,1,out
1382871008.0,7,in
1382871038.0,7,out
1382871038.0,1,in
1382871147.0,1,out
1382871147.0,7,in
1382947475.0,7,out
1382954522.0,31,in
1382954935.0,31,out
1382955178.0,7,in
1382955218.0,7,out
1382955254.0,49,in
1382955259.0,49,out
1382955407.0,21,in
1382955408.0,21,out
1382955413.0,21,in
1382956034.0,21,out
1382956034.0,1,in
1382956057.0,1,out
1382956057.0,4,in
1382956089.0,4,out
1382956089.0,1,in
1383014552.0,1,out
1383014552.0,4,in
1383014577.0,4,out
1383015259.0,61,in
1383016776.0,61,out
1383226501.0,1,in
1383226742.0,1,out
1383226742.0,4,in
1383226820.0,4,out
1383226883.0,58,in
1383226906.0,58,out
1383228063.0,4,in
1383228094.0,4,out
1383228094.0,1,in
1383228233.0,1,out
1383228233.0,4,in
1383228257.0,4,out
1383229402.0,4,in
1383229609.0,4,out
1383229609.0,1,in
1383376283.0,1,out
1383376283.0,7,in
1383376322.0,7,out
1383376936.0,11,in
1383377101.0,11,out
1383377265.0,11,in
1383377314.0,11,out
1383377351.0,11,in
1383377404.0,11,out
1383377812.0,7,in
1383377836.0,7,out
1383377836.0,1,in
1383380882.0,1,out
1383380882.0,7,in
1383380897.0,7,out
1383380897.0,1,in
1383380905.0,1,out
1383380905.0,7,in
1383380917.0,7,out
1383380917.0,1,in
1383380924.0,1,out
1383380924.0,7,in
1383380929.0,7,out
1383380929.0,1,in
1383380942.0,1,out
1383380942.0,7,in
1383380944.0,7,out
1383380944.0,1,in
1383381007.0,1,out
1383381007.0,7,in
1383381016.0,7,out
1383381016.0,1,in
1383381020.0,1,out
1383381020.0,7,in
1383381782.0,7,out
1383381782.0,1,in
1383381814.0,1,out
1383381814.0,7,in
1383381834.0,7,out
1383381834.0,1,in
1383381840.0,1,out
1383381840.0,7,in
1383381841.0,7,out
1383381841.0,1,in
1383381972.0,1,out
1383381972.0,7,in
1383381998.0,7,out
1383706485.0,1,in
1383706778.0,1,out
1383706778.0,4,in
1383706805.0,4,out
1383707622.0,61,in
1383707622.0,61,out
1383707624.0,61,in
1383707734.0,61,out
1383727998.0,0,in
1383732520.0,0,out
1383733536.0,11,in
1383733542.0,11,out
1383733558.0,11,in
1383889815.0,11,out
1383889815.0,1,in
1383890152.0,1,out
1383890152.0,4,in
1383890172.0,4,out
1383890910.0,61,in
1383890976.0,61,out
1383896136.0,52,in
1383896180.0,52,out
1384049442.0,52,in
1384049548.0,52,out
1384049549.0,52,in
1384049550.0,52,out
1384049551.0,52,in
1384049561.0,52,out
1384224880.0,1,in
1384225288.0,1,out
1384225288.0,4,in
1384225317.0,4,out
1384226537.0,61,in
1384226654.0,61,out
1384227667.0,4,in
1384227716.0,4,out
1384227716.0,1,in
1384229882.0,1,out
1384229882.0,7,in
1384230025.0,7,out
1384230025.0,1,in
1384230136.0,1,out
1384230136.0,7,in
1384230138.0,7,out
1384230138.0,1,in
1384230141.0,1,out
1384230141.0,7,in
1384230152.0,7,out
1384230152.0,1,in
1384230242.0,1,out
1384230242.0,7,in
1384230393.0,7,out
1384230393.0,1,in
1384855387.0,1,out
1384855387.0,7,in
1384855592.0,7,out
1384855778.0,21,in
1384856381.0,21,out
1384856606.0,7,in
1384856626.0,7,out
1384856691.0,1,in
1384856833.0,1,out
1384856833.0,7,in
1384856928.0,7,out
1384856928.0,1,in
1384858036.0,1,out
1384858300.0,18,in
1384858338.0,18,out
1384858338.0,21,in
1385008976.0,21,out
1385008976.0,1,in
1385009164.0,1,out
1385009164.0,4,in
1385009184.0,4,out
1385010887.0,40,in
1385010932.0,40,out
1385011240.0,0,in
1385552121.0,0,out
1385552360.0,45,in
1385555418.0,45,out
1385556668.0,61,in
1385556702.0,61,out
1385557514.0,4,in
1385557558.0,4,out
1385557558.0,1,in
1388526550.0,1,out
1388526550.0,7,in
1388526710.0,7,out
1388526843.0,31,in
1388526925.0,31,out
1388526946.0,31,in
1388527093.0,31,out
1388537851.0,5,in
1388537904.0,5,out
1388538125.0,7,in
1388538317.0,7,out
1388538317.0,1,in
1407761237.0,1,out
1407761237.0,4,in
1407761311.0,4,out
1407761319.0,4,in
1407761323.0,4,out
1407761324.0,4,in
1407764005.0,4,out
1407764005.0,1,in
1407764723.0,1,out
1407764723.0,7,in
1407765012.0,7,out
1407765112.0,31,in
1407766736.0,31,out
1407769922.0,31,in
1407770759.0,31,out
1407770912.0,7,in
1407771155.0,7,out
1407771155.0,1,in
1407924471.0,1,out
1407924471.0,7,in
1408602709.0,7,out
1408602709.0,1,in
1408606971.0,1,out
1408608459.0,0,in
1408625381.0,0,out
1408625381.0,42,in
1408625383.0,42,out
1408625393.0,42,in
1408625400.0,42,out
1408625414.0,42,in
1408625811.0,42,out
1408625853.0,42,in
1408625866.0,42,out
1408627512.0,61,in
1408627647.0,61,out
1408628685.0,4,in
1408628719.0,4,out
1408628719.0,1,in
1408668947.0,1,out
1408668947.0,4,in
1408668954.0,4,out
1408668954.0,1,in
1408668984.0,1,out
1408668984.0,4,in
1408669017.0,4,out
1408670349.0,61,in
1408671758.0,61,out
1408672743.0,0,in
1408726336.0,0,out
1408727247.0,61,in
1408727300.0,61,out
1408728142.0,4,in
1408728170.0,4,out
1408728170.0,1,in
1408784439.0,1,out
1408784439.0,7,in
1408784646.0,7,out
1408784849.0,31,in
1408785052.0,31,out
1408785251.0,7,in
1408785439.0,7,out
1408785439.0,1,in
1408785808.0,1,out
1408785808.0,4,in
1408785831.0,4,out
1408787838.0,61,in
1408787972.0,61,out
1408788131.0,79,in
1408798526.0,79,out
1408798831.0,79,in
1408799063.0,79,out
1408799590.0,61,in
1408799619.0,61,out
1408800457.0,4,in
1408800567.0,4,out
1408800567.0,1,in
1408800654.0,1,out
1408802860.0,1,in
1408803220.0,1,out
1408803220.0,7,in
1408803854.0,7,out
1408803967.0,49,in
1408808171.0,49,out
1408808234.0,7,in
1408808277.0,7,out
1408808390.0,31,in
1408808706.0,31,out
1408808797.0,7,in
1408808918.0,7,out
1408808918.0,1,in
1408865935.0,1,out
1408865935.0,4,in
1408870778.0,4,out
1408871415.0,0,in
1408980040.0,0,out
1408980040.0,1,in
1408980537.0,1,out
1408980537.0,4,in
1408980550.0,4,out
1408980550.0,1,in
1409032433.0,1,out
1409032433.0,4,in
1409032462.0,4,out
1409033725.0,61,in
1409036376.0,61,out
1409036376.0,0,in
1409054405.0,0,out
1409057313.0,40,in
1409057778.0,40,out
1409057970.0,40,in
1409057973.0,40,out
1409057974.0,40,in
1409057977.0,40,out
1409057979.0,40,in
1409058742.0,40,out
1409058794.0,40,in
1409061752.0,40,out
1409061785.0,40,in
1409061924.0,40,out
1409064743.0,4,in
1409064837.0,4,out
1409064837.0,1,in
1409065239.0,1,out
1409065239.0,7,in
1409069389.0,7,out
1409069389.0,1,in
1409112374.0,1,out
1409112374.0,4,in
1409112403.0,4,out
1409113661.0,61,in
1409116072.0,61,out
1409116072.0,0,in
1409153267.0,0,out
1409154842.0,1,in
1409187106.0,1,out
1409187106.0,0,in
1409490567.0,0,out
1409490567.0,7,in
1409492113.0,7,out
1409492113.0,1,in
1409524612.0,1,out
1409524612.0,4,in
1409524639.0,4,out
1409525974.0,61,in
1409528244.0,61,out
1409528244.0,0,in
1409841343.0,0,out
1409842693.0,61,in
1409842773.0,61,out
1409843672.0,4,in
1409843696.0,4,out
1409843696.0,1,in
1409889098.0,1,out
1409889098.0,4,in
1409889131.0,4,out
1409892627.0,0,in
1409977617.0,0,out
1409977617.0,1,in
1409980556.0,1,out
1409980556.0,0,in
1409998905.0,0,out
1409998905.0,33,in
1410007612.0,33,out
1410007655.0,33,in
1410007742.0,33,out
1410008870.0,7,in
1410008981.0,7,out
1410008981.0,1,in
1410128698.0,1,out
1410135797.0,32,in
1410138878.0,32,out
1410143753.0,25,in
1410145350.0,25,out
1410153253.0,2,in
1410219015.0,2,out
1410221564.0,73,in
1410222592.0,73,out
1410222602.0,73,in
1410222615.0,73,out
1410230113.0,84,in
1410230763.0,84,out
1410248014.0,31,in
1410248177.0,31,out
1410248267.0,7,in
1410248505.0,7,out
1410248505.0,1,in
1410878941.0,1,out
1410878941.0,42,in
1410878949.0,42,out
1410879038.0,42,in
1410879659.0,42,out
1410882055.0,4,in
1410882150.0,4,out
1410882150.0,1,in
1410917618.0,1,out
1410917618.0,0,in
1411215732.0,0,out
1411215732.0,18,in
1411216039.0,18,out
1411216342.0,18,in
1411224568.0,18,out
1411224590.0,18,in
1411224637.0,18,out
1411224882.0,18,in
1411225253.0,18,out
1411225378.0,1,in
1411225568.0,1,out
1411225568.0,7,in
1411230406.0,7,out
1411230732.0,63,in
1411231970.0,63,out
1411232377.0,1,in
1411232428.0,1,out
1411232447.0,1,in
1411232563.0,1,out
1411232563.0,4,in
1411232856.0,4,out
1411232856.0,1,in
1411286135.0,1,out
1411286135.0,0,in
1411293765.0,0,out
1411293765.0,61,in
1411293846.0,61,out
1411294639.0,4,in
1411294716.0,4,out
1411294716.0,1,in
1411745973.0,1,out
1411746535.0,4,in
1411746576.0,4,out
1411746576.0,1,in
1411798138.0,1,out
1411799737.0,0,in
1411828626.0,0,out
1411828626.0,42,in
1411828629.0,42,out
1411828632.0,42,in
1411828655.0,42,out
1411828820.0,42,in
1411828860.0,42,out
1411830205.0,61,in
1411830262.0,61,out
1411831573.0,1,in
1411882899.0,1,out
1411882899.0,4,in
1411882926.0,4,out
1411883847.0,61,in
1411885168.0,61,out
1411886770.0,0,in
1411914367.0,0,out
1411914456.0,42,in
1411914502.0,42,out
1411915678.0,61,in
1411915786.0,61,out
1411916633.0,4,in
1411916710.0,4,out
1411916710.0,1,in
1411951990.0,1,out
1411951990.0,0,in
1412308600.0,0,out
1412308600.0,1,in
1412309163.0,1,out
1412309163.0,7,in
1412309266.0,7,out
1412309688.0,21,in
1412309833.0,21,out
1412313573.0,21,in
1412317170.0,21,out
1412317170.0,0,in
1412348250.0,0,out
1412349866.0,1,in
1412402855.0,1,out
1412404481.0,0,in
1412424287.0,0,out
1412424287.0,1,in
1412426240.0,1,out
1412426240.0,7,in
1412426474.0,7,out
1412426474.0,1,in
1412426484.0,1,out
1412426484.0,7,in
1412432389.0,7,out
1412432389.0,1,in
1412432455.0,1,out
1412432455.0,7,in
1412433071.0,7,out
1412433071.0,1,in
1412433280.0,1,out
1412433280.0,7,in
1412433552.0,7,out
1412433552.0,1,in
1412486359.0,1,out
1412486359.0,4,in
1412486381.0,4,out
1412487288.0,61,in
1412488147.0,61,out
1412489486.0,0,in
1412519213.0,0,out
1412519213.0,42,in
1412519219.0,42,out
1412519229.0,42,in
1412519457.0,42,out
1412520794.0,61,in
1412520887.0,61,out
1412521965.0,4,in
1412522077.0,4,out
1412522077.0,1,in
1412556956.0,1,out
1412556956.0,0,in
1412977400.0,0,out
1412978509.0,61,in
1412978577.0,61,out
1412979414.0,4,in
1412979513.0,4,out
1412979513.0,1,in
1413019320.0,1,out
1413019320.0,4,in
1413019445.0,4,out
1413023431.0,0,in
1413123954.0,0,out
1413123954.0,42,in
1413124711.0,42,out
1413125765.0,61,in
1413125823.0,61,out
1413126765.0,4,in
1413126876.0,4,out
1413126876.0,1,in
1413345685.0,1,out
1413345685.0,0,in
1413644503.0,0,out
1413645281.0,4,in
1413645292.0,4,out
1413645292.0,1,in
1413692442.0,1,out
1413694041.0,0,in
1414501496.0,0,out
1414502362.0,4,in
1414502461.0,4,out
1414502461.0,1,in
1414544064.0,1,out
1414544064.0,0,in
1414673261.0,0,out
1414673818.0,61,in
1414673953.0,61,out
1414674790.0,4,in
1414674821.0,4,out
1414674821.0,1,in
1414723006.0,1,out
1414723006.0,4,in
1414723130.0,4,out
1414724200.0,61,in
1414724998.0,61,out
1414726499.0,0,in
1414762134.0,0,out
1414762839.0,61,in
1414763542.0,61,out
1414764464.0,1,in
1414922495.0,1,out
1414922495.0,0,in
1414924168.0,0,out
1414926883.0,1,in
1414932943.0,1,out
1414932943.0,7,in
1415010158.0,7,out
1415010158.0,0,in
1415315874.0,0,out
1415315874.0,1,in
1415315927.0,1,out
1415315927.0,4,in
1415315952.0,4,out
1415317769.0,64,in
1415317868.0,64,out
1415326306.0,64,in
1415326807.0,64,out
1415351550.0,0,in
1415357711.0,0,out
1415364095.0,55,in
1415364763.0,55,out
1415364802.0,55,in
1415365256.0,55,out
1415365258.0,55,in
1415367020.0,55,out
1415421629.0,43,in
1415424265.0,43,out
1415430259.0,66,in
1415431393.0,66,out
1415450796.0,1,in
1415451236.0,1,out
1415451236.0,7,in
1415451376.0,7,out
1415453304.0,72,in
1415454272.0,72,out
1415458146.0,82,in
1415459872.0,82,out
1415459893.0,82,in
1415459909.0,82,out
1415465643.0,7,in
1415465744.0,7,out
1415467501.0,1,in
1416541899.0,1,out
1416541899.0,4,in
1416541925.0,4,out
1416543017.0,61,in
1416545507.0,61,out
1416545507.0,0,in
1420894590.0,0,out
1420894590.0,1,in
1420894999.0,1,out
1420894999.0,7,in
1420895003.0,7,out
1420895003.0,1,in
1420895007.0,1,out
1420895007.0,7,in
1420895269.0,7,out
1420895490.0,31,in
1420895919.0,31,out
1420900599.0,71,in
1420926990.0,71,out
1420926990.0,1,in
1420927399.0,1,out
1420927399.0,7,in
1420927403.0,7,out
1420927403.0,1,in
1420927407.0,1,out
1420927407.0,7,in
1420927669.0,7,out
1420927890.0,31,in
1420928319.0,31,out
1420932999.0,71,in
1420935244.0,71,out
1420945852.0,41,in
1420949434.0,41,out
1420952246.0,41,in
1420952836.0,41,out
1420958121.0,68,in
1420958300.0,68,out
1420958376.0,68,in
1420959441.0,68,out
1420968798.0,31,in
1420968899.0,31,out
1420969001.0,7,in
1420969262.0,7,out
1420969262.0,1,in
1421073093.0,1,out
1421074406.0,61,in
1421074495.0,61,out
1421075409.0,1,in
1421124146.0,1,out
1421124146.0,4,in
1421124163.0,4,out
1421128541.0,0,in
1422102489.0,0,out
1422102489.0,1,in
1422102863.0,1,out
1422102863.0,7,in
1422103136.0,7,out
1422104427.0,10,in
1422134889.0,10,out
1422134889.0,1,in
1422135263.0,1,out
1422135263.0,7,in
1422135536.0,7,out
1422136827.0,10,in
1422158006.0,10,out
1422159082.0,7,in
1422159411.0,7,out
1422159411.0,1,in
1422162717.0,1,out
1422162836.0,31,in
1422163042.0,31,out
1422163050.0,31,in
1422163059.0,31,out
1422163061.0,31,in
1422163069.0,31,out
1422163076.0,31,in
1422163167.0,31,out
1422164697.0,85,in
1422169774.0,85,out
1422171206.0,31,in
1422171370.0,31,out
1422171470.0,7,in
1422171637.0,7,out
1422171637.0,1,in
1422676674.0,1,out
1422676923.0,0,in
1422678772.0,0,out
1422679012.0,0,in
1422679161.0,0,out
1422692779.0,67,in
1422694285.0,67,out
1422695954.0,13,in
1422699274.0,13,out
1422699281.0,13,in
1422739273.0,13,out
1422744148.0,84,in
1422744623.0,84,out
1422751244.0,0,in
1422752453.0,0,out
1422754790.0,0,in
1422802116.0,0,out
1422802129.0,42,in
1422802713.0,42,out
1422803800.0,61,in
1422803863.0,61,out
1422804643.0,4,in
1422804672.0,4,out
1422804672.0,1,in
1422854247.0,1,out
1422854247.0,4,in
1422854271.0,4,out
1422855429.0,61,in
1422855433.0,61,out
1422855461.0,61,in
1422856437.0,61,out
1422858637.0,0,in
1422889479.0,0,out
1422892329.0,1,in
1422942406.0,1,out
1422942406.0,4,in
1422942422.0,4,out
1422942422.0,23,in
1422942423.0,23,out
1422943352.0,61,in
1422945398.0,61,out
1422945398.0,0,in
1422952567.0,0,out
1422952763.0,45,in
1422965095.0,45,out
1422965406.0,0,in
1422977084.0,0,out
1422977084.0,1,in
1423018028.0,1,out
1423019322.0,0,in
1423064439.0,0,out
1423064439.0,1,in
1423116766.0,1,out
1423117156.0,61,in
1423119902.0,61,out
1423119902.0,0,in
1423149345.0,0,out
1423150972.0,1,in
1423182688.0,1,out
1423183666.0,61,in
1423185913.0,61,out
1423185955.0,64,in
1423191685.0,64,out
1423191715.0,64,in
1423195401.0,64,out
1423195401.0,0,in
1423238071.0,0,out
1423238071.0,1,in
1423250635.0,1,out
1423250635.0,4,in
1423250661.0,4,out
1423253213.0,61,in
1423255137.0,61,out
1423255137.0,0,in
1423287740.0,0,out
1423289072.0,1,in
1423289105.0,1,out
1423289105.0,4,in
1423289203.0,4,out
1423289203.0,1,in
1423353701.0,1,out
1423353701.0,4,in
1423370047.0,4,out
1423370135.0,58,in
1423375712.0,58,out
1423375879.0,4,in
1423376447.0,4,out
1423376447.0,1,in
1423427953.0,1,out
1423427953.0,4,in
1423427976.0,4,out
1423428963.0,61,in
1423429836.0,61,out
1423431476.0,0,in
1423445523.0,0,out
1423447307.0,0,in
1423461768.0,0,out
1423461768.0,1,in
1423501649.0,1,out
1423501649.0,4,in
1423501673.0,4,out
1423502559.0,61,in
1423503347.0,61,out
1423505623.0,0,in
1423532864.0,0,out
1423532864.0,1,in
1423583413.0,1,out
1423583413.0,7,in
1423681873.0,7,out
1423681873.0,1,in
1423682209.0,1,out
1423682209.0,4,in
1423682231.0,4,out
1423683090.0,61,in
1423685353.0,61,out
1423687550.0,0,in
1423770492.0,0,out
1423770492.0,1,in
1423770627.0,1,out
1423770627.0,7,in
1424196679.0,7,out
1424196679.0,1,in
1424197625.0,1,out
1424198373.0,33,in
1424198375.0,33,out
1424198793.0,38,in
1424198814.0,38,out
1424198821.0,38,in
1424201927.0,38,out
1424203480.0,7,in
1424204621.0,7,out
1424204621.0,1,in
1424224956.0,1,out
1424224956.0,7,in
1424226359.0,7,out
1424226359.0,1,in
1424226766.0,1,out
1424226766.0,4,in
1424235407.0,4,out
1424236068.0,77,in
1424236908.0,77,out
1424237631.0,4,in
1424237737.0,4,out
1424237737.0,1,in
1424237853.0,1,out
1424238164.0,18,in
1424238179.0,18,out
1424238198.0,18,in
1424238209.0,18,out
1424238536.0,4,in
1424241807.0,4,out
1424241807.0,1,in
1424303266.0,1,out
1424303266.0,4,in
1424325405.0,4,out
1424325405.0,1,in
1424376451.0,1,out
1424376451.0,7,in
1424415822.0,7,out
1424415822.0,1,in
1424468911.0,1,out
1424468911.0,7,in
1424469150.0,7,out
1424469470.0,31,in
1424469660.0,31,out
1424469902.0,26,in
1424475755.0,26,out
1424475775.0,26,in
1424479033.0,26,out
1424479040.0,26,in
1424479053.0,26,out
1424479467.0,31,in
1424480536.0,31,out
1424480752.0,7,in
1424498659.0,7,out
1424498659.0,1,in
1424566868.0,1,out
1424566953.0,7,in
1424567046.0,7,out
1424567046.0,1,in
1424567089.0,1,out
1424567089.0,7,in
1424567101.0,7,out
1424567101.0,1,in
1424567109.0,1,out
1424567109.0,7,in
1424567368.0,7,out
1424567621.0,21,in
1424582934.0,21,out
1424583361.0,7,in
1424583708.0,7,out
1424583708.0,1,in
1424621847.0,1,out
1424621847.0,4,in
1424621864.0,4,out
1424623090.0,61,in
1424625769.0,61,out
1424625769.0,0,in
1424665512.0,0,out
1424666970.0,1,in
1424719445.0,1,out
1424719445.0,4,in
1424719790.0,4,out
1424720373.0,61,in
1424722866.0,61,out
1424722866.0,0,in
1424758000.0,0,out
1424758000.0,42,in
1424758005.0,42,out
1424758032.0,42,in
1424758271.0,42,out
1424759445.0,61,in
1424759509.0,61,out
1424760399.0,4,in
1424760433.0,4,out
1424760433.0,1,in
1424902700.0,1,out
1424902700.0,0,in
1424931795.0,0,out
1424931795.0,1,in
1424933903.0,1,out
1424934285.0,7,in
1424934660.0,7,out
1424934660.0,1,in
1424992009.0,1,out
1424992086.0,7,in
1424992203.0,7,out
1424992203.0,1,in
1424992310.0,1,out
1424992310.0,7,in
1424992646.0,7,out
1424993056.0,21,in
1425024635.0,21,out
1425024635.0,1,in
1425078104.0,1,out
1425078104.0,0,in
1425103166.0,0,out
1425103181.0,42,in
1425104177.0,42,out
1425105570.0,61,in
1425105636.0,61,out
1425106596.0,4,in
1425106621.0,4,out
1425106621.0,1,in
1425156582.0,1,out
1425157998.0,0,in
1425188841.0,0,out
1425188841.0,61,in
1425189157.0,61,out
1425190275.0,1,in
1425237939.0,1,out
1425239155.0,0,in
1425275251.0,0,out
1425275251.0,42,in
1425275293.0,42,out
1425275326.0,42,in
1425275336.0,42,out
1425276521.0,61,in
1425276613.0,61,out
1425277493.0,4,in
1425277583.0,4,out
1425277583.0,1,in
1425315032.0,1,out
1425315032.0,0,in
1425362076.0,0,out
1425363636.0,1,in
1425411852.0,1,out
1425411870.0,61,in
1425412767.0,61,out
1425414016.0,0,in
1425533859.0,0,out
1425533863.0,42,in
1425534233.0,42,out
1425535590.0,61,in
1425535681.0,61,out
1425536635.0,4,in
1425536656.0,4,out
1425536656.0,1,in
1425578685.0,1,out
1425581331.0,0,in
1425624446.0,0,out
1425624458.0,42,in
1425624832.0,42,out
1425626021.0,61,in
1425626105.0,61,out
1425627134.0,4,in
1425627259.0,4,out
1425627259.0,1,in
1425627669.0,1,out
1425627669.0,7,in
1425627821.0,7,out
1425628136.0,31,in
1425628842.0,31,out
1425628922.0,7,in
1425629075.0,7,out
1425629075.0,1,in
1425671159.0,1,out
1425671159.0,7,in
1425671386.0,7,out
1425671675.0,31,in
1425672327.0,31,out
1425672349.0,5,in
1425672595.0,5,out
1425673414.0,11,in
1425673534.0,11,out
1425676152.0,0,in
1425707203.0,0,out
1425707857.0,61,in
1425708159.0,61,out
1425708878.0,4,in
1425708902.0,4,out
1425708902.0,1,in
1425719519.0,1,out
1425719519.0,31,in
1425719558.0,31,out
1425719661.0,7,in
1425719813.0,7,out
1425719813.0,1,in
1425739374.0,1,out
1425739374.0,7,in
1425739449.0,7,out
1425750664.0,1,in
1425779846.0,1,out
1425779846.0,7,in
1425780017.0,7,out
1425780248.0,31,in
1425780664.0,31,out
1425780686.0,5,in
1425780872.0,5,out
1425783776.0,21,in
1425783830.0,21,out
1425783836.0,21,in
1425783858.0,21,out
1425783858.0,18,in
1425783934.0,18,out
1425783980.0,21,in
1425784004.0,21,out
1425784013.0,21,in
1425784150.0,21,out
1425784647.0,21,in
1425785477.0,21,out
1425785477.0,18,in
1425785562.0,18,out
1425785825.0,18,in
1425785909.0,18,out
1425785992.0,58,in
1425786015.0,58,out
1425786064.0,4,in
1425803884.0,4,out
1425803884.0,1,in
1425804045.0,1,out
1425804045.0,7,in
1425804067.0,7,out
1425804067.0,1,in
1425804114.0,1,out
1425804114.0,7,in
1425804252.0,7,out
1425804374.0,31,in
1425804528.0,31,out
1425804639.0,7,in
1425804817.0,7,out
1425804817.0,1,in
1425835174.0,1,out
1425835174.0,4,in
1425835333.0,4,out
1425836402.0,61,in
1425838514.0,61,out
1425838514.0,0,in
1425880024.0,0,out
1425880024.0,42,in
1425880496.0,42,out
1425881654.0,61,in
1425881708.0,61,out
1425882707.0,4,in
1425882816.0,4,out
1425882816.0,1,in
1425915773.0,1,out
1425915773.0,4,in
1425915796.0,4,out
1425916869.0,61,in
1425917820.0,61,out
1425919030.0,0,in
1425964446.0,0,out
1425966020.0,1,in
1426017457.0,1,out
1426017461.0,61,in
1426020024.0,61,out
1426020024.0,0,in
1426055049.0,0,out
1426127809.0,0,in
1426136458.0,0,out
1426136458.0,1,in
1426194321.0,1,out
1426194321.0,4,in
1426194353.0,4,out
1426195382.0,61,in
1426197566.0,61,out
1426197566.0,0,in
1426205880.0,0,out
1426211023.0,17,in
1426247544.0,17,out
1426247647.0,17,in
1426248645.0,17,out
1426254732.0,61,in
1426254980.0,61,out
1426256151.0,4,in
1426256158.0,4,out
1426256158.0,23,in
1426256162.0,23,out
1426256162.0,4,in
1426256164.0,4,out
1426256164.0,1,in
1426302384.0,1,out
1426302384.0,4,in
1426305157.0,4,out
1426315175.0,1,in
1426315878.0,1,out
1426315878.0,4,in
1426317401.0,4,out
1426317401.0,1,in
1426365080.0,1,out
1426366627.0,0,in
1426399173.0,0,out
1426399173.0,61,in
1426399261.0,61,out
1426400285.0,4,in
1426400387.0,4,out
1426400387.0,1,in
1426445538.0,1,out
1426445538.0,4,in
1426445558.0,4,out
1426446395.0,61,in
1426446398.0,61,out
1426446399.0,61,in
1426447010.0,61,out
1426448364.0,0,in
1426485477.0,0,out
1426485477.0,42,in
1426485845.0,42,out
1426486966.0,61,in
1426487069.0,61,out
1426487981.0,4,in
1426488049.0,4,out
1426488049.0,1,in
1426522284.0,1,out
1426532733.0,0,in
1426620629.0,0,out
1426620629.0,1,in
1426621393.0,1,out
1426621393.0,4,in
1426621415.0,4,out
1426622467.0,61,in
1426624517.0,61,out
1426624517.0,0,in
1426743991.0,0,out
1426743992.0,42,in
1426744006.0,42,out
1426744013.0,42,in
1426744156.0,42,out
1426745449.0,61,in
1426746552.0,61,out
1426746567.0,4,in
1426746588.0,4,out
1426746588.0,1,in
1426746590.0,1,out
1426746590.0,4,in
1426746688.0,4,out
1426746688.0,1,in
1426787978.0,1,out
1426788497.0,61,in
1426789622.0,61,out
1426791007.0,0,in
1426822659.0,0,out
1426827165.0,9,in
1426859715.0,9,out
1426863165.0,0,in
1426915657.0,0,out
1426915747.0,42,in
1426915909.0,42,out
1426917134.0,61,in
1426917237.0,61,out
1426918234.0,4,in
1426918263.0,4,out
1426918263.0,1,in
1426966757.0,1,out
1426966757.0,7,in
1426967282.0,7,out
1426967282.0,1,in
1426971106.0,1,out
1426971106.0,0,in
1427088739.0,0,out
1427088739.0,1,in
1427127001.0,1,out
1427127001.0,4,in
1427127026.0,4,out
1427127996.0,61,in
1427129845.0,61,out
1427129845.0,0,in
1427421390.0,0,out
1427422096.0,28,in
1427428053.0,28,out
1427428091.0,28,in
1427652457.0,28,out
1427652457.0,0,in
1427862986.0,0,out
1427863223.0,0,in
1428219309.0,0,out
1428219650.0,0,in
1428431634.0,0,out
1428431634.0,1,in
1428432611.0,1,out
1428433441.0,61,in
1428435589.0,61,out
1428435589.0,0,in
1428645264.0,0,out
1428645264.0,1,in
1428706825.0,1,out
1428706825.0,0,in
1428816293.0,0,out
1428817022.0,4,in
1428817112.0,4,out
1428817112.0,1,in
1428866098.0,1,out
1428866098.0,4,in
1428866123.0,4,out
1428867098.0,61,in
1428869650.0,61,out
1428869650.0,0,in
1429248444.0,0,out
1429249535.0,61,in
1429250761.0,61,out
1429250761.0,1,in
1429290627.0,1,out
1429290627.0,7,in
1429290802.0,7,out
1429314461.0,0,in
1431612096.0,0,out
1431614240.0,56,in
1431639013.0,56,out
1431640548.0,0,in
1432988787.0,0,out
1432989877.0,60,in
1432991298.0,60,out
1432992549.0,8,in
1432994137.0,8,out
1432994145.0,8,in
1433014226.0,8,out
1433014229.0,8,in
1433024480.0,8,out
1433025826.0,60,in
1433027110.0,60,out
1433033002.0,0,in
1435093255.0,0,out
1435094767.0,52,in
1435094846.0,52,out
1435095738.0,52,in
1435095749.0,52,out
1435095997.0,52,in
1435096050.0,52,out
1435096536.0,52,in
1435102741.0,52,out
1435104148.0,81,in
1435104261.0,81,out
1435104274.0,81,in
1435105105.0,81,out
1435105139.0,81,in
1435105181.0,81,out
1435109253.0,6,in
1435110816.0,6,out
1435119137.0,6,in
1435129472.0,6,out
1435131092.0,6,in
1435162491.0,6,out
1435165505.0,24,in
1435177567.0,24,out
1435178281.0,78,in
1435178289.0,78,out
1435178301.0,78,in
1435186810.0,78,out
1435186810.0,76,in
1435187166.0,76,out
1435187627.0,54,in
1435187646.0,54,out
1435187669.0,54,in
1435189196.0,54,out
1435195830.0,76,in
1435196538.0,76,out
1435196544.0,76,in
1435198125.0,76,out
1435198134.0,76,in
1435198174.0,76,out
1435201131.0,6,in
1435216454.0,6,out
1435216464.0,6,in
1435217772.0,6,out
1435217799.0,6,in
1435244295.0,6,out
1435247489.0,24,in
1435254437.0,24,out
1435255504.0,57,in
1435256949.0,57,out
1435256957.0,57,in
1435256959.0,57,out
1435257004.0,57,in
1435258232.0,57,out
1435258235.0,57,in
1435258292.0,57,out
1435258308.0,57,in
1435258414.0,57,out
1435260870.0,36,in
1435260908.0,36,out
1435260912.0,36,in
1435267637.0,36,out
1435268521.0,35,in
1435268580.0,35,out
1435268599.0,35,in
1435272022.0,35,out
1435273086.0,65,in
1435274324.0,65,out
1435277033.0,48,in
1435280566.0,48,out
1435280575.0,48,in
1435282848.0,48,out
1435282850.0,48,in
1435282870.0,48,out
1435282893.0,48,in
1435283342.0,48,out
1435287972.0,6,in
1435327356.0,6,out
1435330718.0,81,in
1435330733.0,81,out
1435331219.0,81,in
1435331994.0,81,out
1435340635.0,52,in
1435342840.0,52,out
1435343583.0,0,in
1435407721.0,0,out
1435438293.0,0,in
1435438299.0,0,out
1435438883.0,0,in
1435438887.0,0,out
1435438915.0,0,in
1435462716.0,0,out
1435464187.0,1,in
1435465497.0,1,out
1435465497.0,31,in
1435471187.0,31,out
1435471187.0,1,in
1435524564.0,1,out
1435524564.0,4,in
1435524583.0,4,out
1435525615.0,61,in
1435528261.0,61,out
1435528261.0,0,in
1435689693.0,0,out
1435689693.0,1,in
1435690022.0,1,out
1435690022.0,4,in
1435690040.0,4,out
1435691239.0,61,in
1435692312.0,61,out
1435693894.0,0,in
1435778482.0,0,out
1435778482.0,61,in
1435782270.0,61,out
1435782270.0,0,in
1435817359.0,0,out
1435817359.0,1,in
1435870538.0,1,out
1435870538.0,4,in
1435870634.0,4,out
1435871800.0,61,in
1435872679.0,61,out
1435873821.0,0,in
1435961310.0,0,out
1435961310.0,30,in
1435984499.0,30,out
1435984499.0,0,in
1439080442.0,0,out
1439084321.0,27,in
1439089658.0,27,out
1439092840.0,4,in
1439094759.0,4,out
1439094759.0,1,in
1439108425.0,1,out
1439108425.0,7,in
1439108582.0,7,out
1439108762.0,5,in
1439109372.0,5,out
1439109508.0,7,in
1439109683.0,7,out
1439109683.0,1,in
1439147260.0,1,out
1439147788.0,61,in
1439149926.0,61,out
1439149926.0,0,in
1439195421.0,0,out
1439195454.0,74,in
1439196421.0,74,out
1439196932.0,7,in
1439197009.0,7,out
1439197009.0,1,in
1439242208.0,1,out
1439242408.0,61,in
1439244518.0,61,out
1439244518.0,0,in
1439269875.0,0,out
1439269917.0,42,in
1439270328.0,42,out
1439271583.0,61,in
1439271651.0,61,out
1439272851.0,4,in
1439272944.0,4,out
1439272944.0,1,in
1439322241.0,1,out
1439322241.0,0,in
1439348557.0,0,out
1439348557.0,11,in
1439360933.0,11,out
1439371831.0,50,in
1439403534.0,50,out
1439403540.0,50,in
1439408522.0,50,out
1439408585.0,50,in
1439413955.0,50,out
1439414427.0,11,in
1439439199.0,11,out
1439439863.0,5,in
1439445302.0,5,out
1439445529.0,7,in
1439445669.0,7,out
1439445669.0,1,in
1439496126.0,1,out
1439496126.0,0,in
1439536615.0,0,out
1439536615.0,1,in
1439650180.0,1,out
1439650180.0,10,in
1439676863.0,10,out
1439676986.0,10,in
1439677103.0,10,out
1439677216.0,10,in
1439677280.0,10,out
1439677309.0,10,in
1439677472.0,10,out
1439677559.0,10,in
1439677579.0,10,out
1439678813.0,7,in
1439679224.0,7,out
1439679252.0,7,in
1439679312.0,7,out
1439680865.0,11,in
1439683153.0,11,out
1439683794.0,5,in
1439683803.0,5,out
1439683997.0,5,in
1439684760.0,5,out
1439684914.0,7,in
1439685069.0,7,out
1439685069.0,1,in
1439756809.0,1,out
1439757741.0,61,in
1439760753.0,61,out
1439760753.0,0,in
1439789259.0,0,out
1439790803.0,1,in
1439792353.0,1,out
1439792353.0,7,in
1439795970.0,7,out
1439796414.0,7,in
1439796713.0,7,out
1439796713.0,1,in
1439838944.0,1,out
1439839352.0,61,in
1439841565.0,61,out
1439841565.0,0,in
1439870122.0,0,out
1439873023.0,12,in
1439873108.0,12,out
1439873110.0,12,in
1439873289.0,12,out
1439873468.0,12,in
1439939249.0,12,out
1439939249.0,4,in
1439940015.0,4,out
1439940015.0,1,in
1439943308.0,1,out
1439943308.0,4,in
1439947201.0,4,out
1439947201.0,1,in
1440040238.0,1,out
1440040238.0,20,in
1440044426.0,20,out
1440044426.0,42,in
1440045232.0,42,out
1440048405.0,1,in
1440094641.0,1,out
1440094641.0,4,in
1440094648.0,4,out
1440094648.0,23,in
1440094653.0,23,out
1440095498.0,61,in
1440097982.0,61,out
1440097982.0,0,in
1440429970.0,0,out
1440429970.0,7,in
1440430576.0,7,out
1440431774.0,62,in
1440457666.0,62,out
1440457716.0,62,in
1440458221.0,62,out
1440458224.0,62,in
1440458225.0,62,out
1440463119.0,0,in
1440477253.0,0,out
1440478850.0,1,in
1440544288.0,1,out
1440544288.0,0,in
1440567251.0,0,out
1440567251.0,42,in
1440567522.0,42,out
1440568923.0,61,in
1440569004.0,61,out
1440570188.0,4,in
1440570236.0,4,out
1440570236.0,1,in
1440622488.0,1,out
1440622819.0,61,in
1440623631.0,61,out
1440624932.0,0,in
1440999491.0,0,out
1440999497.0,42,in
1440999968.0,42,out
1441002192.0,4,in
1441002399.0,4,out
1441002399.0,1,in
1441893919.0,1,out
1441897898.0,64,in
1441897985.0,64,out
1441901683.0,64,in
1441902186.0,64,out
1441902255.0,64,in
1441902389.0,64,out
1443280329.0,32,in
1443280666.0,32,out
1443280668.0,32,in
1443282250.0,32,out
1443282305.0,32,in
1443283726.0,32,out
1443288808.0,25,in
1443293940.0,25,out
1443296002.0,75,in
1443297060.0,75,out
1443297065.0,75,in
1443298088.0,75,out
1443299739.0,2,in
1443370189.0,2,out
1443380026.0,86,in
1443380656.0,86,out
1443386576.0,83,in
1443386760.0,83,out
1443386853.0,83,in
1443386869.0,83,out
1443388384.0,83,in
1443389017.0,83,out
1443750238.0,20,in
1443759529.0,20,out
1443759529.0,0,in
1443765293.0,0,out
1443766873.0,1,in
1443812663.0,1,out
1443812663.0,4,in
1443812696.0,4,out
1443814012.0,61,in
1443815025.0,61,out
1443816468.0,0,in
1443847971.0,0,out
1443849552.0,1,in
1443875983.0,1,out
1443875983.0,7,in
1443876247.0,7,out
1443877165.0,10,in
1443877174.0,10,out
1443877636.0,19,in
1443877655.0,19,out
1443877753.0,19,in
1443892060.0,19,out
1443892673.0,19,in
1443913077.0,19,out
1443913953.0,10,in
1443913967.0,10,out
1443915121.0,7,in
1443915502.0,7,out
1443915502.0,1,in
1443919049.0,1,out
1443919049.0,4,in
1443919691.0,4,out
1443919691.0,1,in
1448810677.0,1,out
1448810677.0,4,in
1448810703.0,4,out
1448811996.0,61,in
1448812848.0,61,out
1448814149.0,0,in
1450468882.0,0,out
1450468882.0,53,in
1450473609.0,53,out
1450488947.0,15,in
1450489149.0,15,out
1450489247.0,15,in
1450499193.0,15,out
1450499291.0,15,in
1450499297.0,15,out
1450503146.0,53,in
1450512830.0,53,out
1450512869.0,53,in
1450750807.0,53,out
1450750807.0,14,in
1450764494.0,14,out
1450764543.0,14,in
1450765261.0,14,out
1450765268.0,14,in
1450765543.0,14,out
1450765555.0,14,in
1450765569.0,14,out
1450765594.0,14,in
1450766816.0,14,out
1450780230.0,14,in
1450780237.0,14,out
1450780251.0,14,in
1450840313.0,14,out
1450844155.0,34,in
1450844275.0,34,out
1450845067.0,34,in
1450849208.0,34,out
1450849323.0,34,in
1450851620.0,34,out
1450851624.0,34,in
1450851700.0,34,out
1450851757.0,34,in
1450852124.0,34,out
1450878230.0,21,in
1450878236.0,21,out
1450878441.0,7,in
1450878476.0,7,out
1450878476.0,1,in
1450893013.0,1,out
1450893416.0,29,in
1450898501.0,29,out
1451248247.0,1,in
1451250699.0,1,out
1451250699.0,4,in
1451250727.0,4,out
1451251946.0,61,in
1451252539.0,61,out
1451253883.0,0,in
1451284534.0,0,out
1451284534.0,1,in
1451332448.0,1,out
1451332448.0,4,in
1451332476.0,4,out
1451333916.0,61,in
1451334862.0,61,out
1451336115.0,0,in
1451372425.0,0,out
1451372425.0,42,in
1451372758.0,42,out
1451373894.0,61,in
1451373970.0,61,out
1451374970.0,4,in
1451375001.0,4,out
1451375001.0,1,in
1451446031.0,1,out
1451446031.0,4,in
1451451577.0,4,out
1451451577.0,1,in
1451451636.0,1,out
1451451636.0,4,in
1451454965.0,4,out
1451454965.0,1,in
1451502309.0,1,out
1451502309.0,7,in
1451502561.0,7,out
1451502888.0,5,in
1451504508.0,5,out
1451505163.0,11,in
1451506182.0,11,out
1451506287.0,44,in
1451508845.0,44,out
1451511611.0,59,in
1451511616.0,59,out
1451511740.0,59,in
1451513152.0,59,out
1451514864.0,37,in
1451516279.0,37,out
1451517388.0,37,in
1451520149.0,37,out
1451528623.0,11,in
1451529886.0,11,out
1451530478.0,5,in
1451532475.0,5,out
1451533431.0,5,in
1451536924.0,5,out
1451537081.0,7,in
1451537242.0,7,out
1451537242.0,1,in
1451604633.0,1,out
1451604633.0,7,in
1451614918.0,7,out
1451614918.0,1,in
1451687405.0,1,out
1451687405.0,4,in
1451692340.0,4,out
1451692340.0,1,in
1451770147.0,1,out
1451770147.0,4,in
1451770175.0,4,out
1451771276.0,61,in
1451772066.0,61,out
1451773421.0,0,in
1451796681.0,0,out
1451798186.0,1,in
1451854448.0,1,out
1451854448.0,4,in
1451854482.0,4,out
1451855789.0,61,in
1451856691.0,61,out
1451857860.0,0,in
1451865661.0,0,out
1451866173.0,45,in
1451877502.0,45,out
1451877784.0,0,in
1451888137.0,0,out
1451889649.0,1,in
1451962938.0,1,out
1451962938.0,7,in
1451963130.0,7,out
1451963387.0,5,in
1451968246.0,5,out
1451968258.0,5,in
1451969715.0,5,out
1451969718.0,5,in
1451970604.0,5,out
1451970606.0,5,in
1451973545.0,5,out
1451973886.0,7,in
1451974070.0,7,out
1451974070.0,1,in
1452026630.0,1,out
1452026630.0,7,in
1452026881.0,7,out
1452027247.0,5,in
1452051868.0,5,out
1452051872.0,5,in
1452052218.0,5,out
1452052228.0,5,in
1452054611.0,5,out
1452054795.0,5,in
1452063900.0,5,out
1452064115.0,7,in
1452064291.0,7,out
1452064291.0,1,in
1452116350.0,1,out
1452116350.0,4,in
1452116381.0,4,out
1452117630.0,61,in
1452118422.0,61,out
1452120135.0,0,in
1452146585.0,0,out
1452148109.0,1,in
1452194205.0,1,out
1452194205.0,4,in
1452194238.0,4,out
1452195443.0,61,in
1452196354.0,61,out
1452197662.0,0,in
1452232524.0,0,out
1452234060.0,1,in
1452288541.0,1,out
1452289911.0,0,in
1452323993.0,0,out
1452324221.0,20,in
1452324380.0,20,out
1452324768.0,42,in
1452325067.0,42,out
1452325170.0,42,in
1452325258.0,42,out
1452326386.0,61,in
1452326437.0,61,out
1452327479.0,4,in
1452327506.0,4,out
1452327506.0,1,in
1452375728.0,1,out
1452375728.0,7,in
1452375949.0,7,out
1452376237.0,5,in
1452381077.0,5,out
1452381080.0,5,in
1452382439.0,5,out
1452382704.0,7,in
1452382895.0,7,out
1452382895.0,1,in
1452383272.0,1,out
1452383272.0,4,in
1452400310.0,4,out
1452400310.0,1,in
1456465479.0,1,out
1456468713.0,51,in
1456469024.0,51,out
1456469035.0,51,in
1456469042.0,51,out
1456469048.0,51,in
1456469137.0,51,out
1456506124.0,39,in
1456506183.0,39,out
1456506928.0,46,in
1456506966.0,46,out
1456506980.0,46,in
1456507112.0,46,out
1456507136.0,46,in
1456510442.0,46,out
1456510492.0,46,in
1456510569.0,46,out
1456511425.0,39,in
1456515214.0,39,out
1456516997.0,22,in
1456523790.0,22,out
1456527204.0,70,in
1456527228.0,70,out
1456527380.0,70,in
1456532382.0,70,out
1456532575.0,70,in
1456532608.0,70,out
1456532658.0,70,in
1456532692.0,70,out
1456533993.0,80,in
1456534780.0,80,out
1456542991.0,51,in
1456545056.0,51,out
1456554123.0,44,in
1456554133.0,44,out
1456554144.0,11,in
1456554324.0,11,out
1456554928.0,21,in
1456554962.0,21,out
1456555249.0,7,in
1456555350.0,7,out
1456555411.0,1,in
1456555609.0,1,out
1456555609.0,7,in
1456555654.0,7,out
1456555654.0,1,in
1456620825.0,1,out
1456620825.0,4,in
1456624893.0,4,out
1456624893.0,1,in
1456690650.0,1,out
1456690650.0,4,in
1456690670.0,4,out
1456691765.0,61,in
1456692526.0,61,out
1456693739.0,0,in
1456721786.0,0,out
1456723376.0,1,in
1456785843.0,1,out
1456797371.0,1,in
1456846580.0,1,out
1456855615.0,0,in
1456898164.0,0,out
1456898325.0,45,in
1456899131.0,45,out
1456900340.0,61,in
1456900734.0,61,out
1456901839.0,4,in
1456901939.0,4,out
1456901939.0,1,in
1456932747.0,1,out
1456934054.0,0,in
1456978327.0,0,out
1456979835.0,1,in
1457019919.0,1,out
1457028818.0,0,in
1457196074.0,0,out
1457196074.0,1,in
1457199108.0,1,out
1457199108.0,7,in
1457199179.0,7,out
1457199179.0,1,in
1457199449.0,1,out
1457199533.0,7,in
1457199554.0,7,out
1457199918.0,21,in
1457200166.0,21,out
1457200188.0,21,in
1457205572.0,21,out
1457207109.0,21,in
1457213107.0,21,out
1457213107.0,18,in
1457213247.0,18,out
1457213465.0,18,in
1457213598.0,18,out
1457213598.0,21,in
1457214592.0,21,out
1457214656.0,18,in
1457214787.0,18,out
1457216403.0,1,in
1457216666.0,1,out
1457216666.0,4,in
1457217404.0,4,out
1457217404.0,23,in
1457217426.0,23,out
1457217426.0,4,in
1457227735.0,4,out
1457227735.0,1,in
1457228175.0,1,out
1457228175.0,7,in
1457228349.0,7,out
1457228624.0,5,in
1457233450.0,5,out
1457233718.0,7,in
1457234058.0,7,out
1457234058.0,1,in
1457284147.0,1,out
1457284147.0,4,in
1457284178.0,4,out
1457285430.0,61,in
1457286437.0,61,out
1457287628.0,0,in
1457334958.0,0,out
1457334958.0,1,in
1457360414.0,1,out
1457371072.0,0,in
1457409106.0,0,out
1457409758.0,61,in
1457410054.0,61,out
1457411285.0,4,in
1457411358.0,4,out
1457411358.0,1,in
1457457257.0,1,out
1457457257.0,4,in
1457457282.0,4,out
1457458340.0,61,in
1457459202.0,61,out
1457460434.0,0,in
1457500813.0,0,out
1457501426.0,61,in
1457501687.0,61,out
1457502678.0,4,in
1457502714.0,4,out
1457502714.0,1,in
1457538478.0,1,out
1457538478.0,0,in
